insert into notice (notice_id, message, start_at, end_at, update_at)
 values ('90000000-0000-0000-0000-000000000000', '掲載期限なしー１２３４５６７８９０１２３４５６７８９０１２３４５６７８９０１２３４５６７８９０１２３４５６７８９０', null, null, '2020-1-1 0:0:0'),
        ('90000000-0000-0000-0000-000000000001', '掲載開始期間中ー１２３４５６７８９０１２３４５６７８９０１２３４５６７８９０１２３４５６７８９０１２３４５６７８９０', '2020-1-1', null, '2020-2-1 0:0:0'),
        ('90000000-0000-0000-0000-000000000002', '掲載開始待ちー１２３４５６７８９０１２３４５６７８９０１２３４５６７８９０１２３４５６７８９０１２３４５６７８９０', '2999-12-31', null, '2020-3-1 0:0:0'),
        ('90000000-0000-0000-0000-000000000003', '掲載終了済みー１２３４５６７８９０１２３４５６７８９０１２３４５６７８９０１２３４５６７８９０１２３４５６７８９０', null, '2020-1-1', '2020-4-1 0:0:0'),
        ('90000000-0000-0000-0000-000000000004', '掲載終了待ちー１２３４５６７８９０１２３４５６７８９０１２３４５６７８９０１２３４５６７８９０１２３４５６７８９０', null, '2999-12-31', '2020-5-1 0:0:0'),
        ('90000000-0000-0000-0000-000000000005', '掲載済みー１２３４５６７８９０１２３４５６７８９０１２３４５６７８９０１２３４５６７８９０１２３４５６７８９０', '2020-1-1', '2020-12-31', '2020-6-1 0:0:0'),
        ('90000000-0000-0000-0000-000000000006', '掲載中ー１２３４５６７８９０１２３４５６７８９０１２３４５６７８９０１２３４５６７８９０１２３４５６７８９０', '2020-1-1', '2999-12-31', '2020-7-1 0:0:0'),
        ('90000000-0000-0000-0000-000000000007', '掲載待ちー１２３４５６７８９０１２３４５６７８９０１２３４５６７８９０１２３４５６７８９０１２３４５６７８９０', '2999-1-1', '2999-12-31', '2020-8-1 0:0:0');

insert into account (account_id, account_name, user_name, password, realm_id)
 values ('00000000-0000-0000-0000-000000000010', 'user0001', 'グループ長', '{noop}password123', '!system'),
        ('00000000-0000-0000-0000-000000000011', 'user0002', '講師', '{noop}password123', '!system'),
        ('00000000-0000-0000-0000-000000000012', 'user0003', '生徒A', '{noop}password123', '!system'),
        ('00000000-0000-0000-0000-000000000013', 'user0004', '生徒B', '{noop}password123', '!system');

insert into group_transition (group_transition_id, group_generation_id, group_name, parent_group_transition_id)
 values ('10000000-0000-0000-0000-000000000001', 1, 'A部',  '00000000-0000-0000-0000-000000000000'),
        ('10000000-0000-0000-0000-000000000002', 1, 'B部',  '00000000-0000-0000-0000-000000000000'),
        ('10000000-0000-0000-0000-000000000003', 1, 'A1課', '10000000-0000-0000-0000-000000000001'),
        ('10000000-0000-0000-0000-000000000004', 1, 'A2課', '10000000-0000-0000-0000-000000000001'),
        ('10000000-0000-0000-0000-000000000005', 1, 'B1課', '10000000-0000-0000-0000-000000000002');

insert into account_group_authority (account_id, group_transition_id, group_generation_id, role)
 values ('00000000-0000-0000-0000-000000000010', '00000000-0000-0000-0000-000000000000', 0, null),
        ('00000000-0000-0000-0000-000000000010', '10000000-0000-0000-0000-000000000001', 1, '["GROUP"]'),
        ('00000000-0000-0000-0000-000000000010', '10000000-0000-0000-0000-000000000002', 1, '["GROUP"]'),
        ('00000000-0000-0000-0000-000000000010', '10000000-0000-0000-0000-000000000004', 1, '["GROUP"]'),
        ('00000000-0000-0000-0000-000000000011', '00000000-0000-0000-0000-000000000000', 0, null),
        ('00000000-0000-0000-0000-000000000011', '10000000-0000-0000-0000-000000000001', 1, '["LESSON"]'),
        ('00000000-0000-0000-0000-000000000011', '10000000-0000-0000-0000-000000000005', 1, '["LESSON"]'),
        ('00000000-0000-0000-0000-000000000012', '00000000-0000-0000-0000-000000000000', 0, null),
        ('00000000-0000-0000-0000-000000000012', '10000000-0000-0000-0000-000000000001', 1, '["STUDY"]'),
        ('00000000-0000-0000-0000-000000000012', '10000000-0000-0000-0000-000000000005', 1, '["STUDY"]'),
        ('00000000-0000-0000-0000-000000000013', '00000000-0000-0000-0000-000000000000', 0, null),
        ('00000000-0000-0000-0000-000000000013', '10000000-0000-0000-0000-000000000005', 1, '["STUDY"]');

insert into lesson (lesson_id, group_transition_id, slide_id)
 values ('50000000-0000-0000-0000-000000000000', '00000000-0000-0000-0000-000000000000', 'test'),
        ('50000000-0000-0000-0000-000000000001', '10000000-0000-0000-0000-000000000001', 'test'),
        ('50000000-0000-0000-0000-000000000002', '10000000-0000-0000-0000-000000000005', 'test');

insert into study (study_id, account_id, slide_id, status, start_at)
 values ('60000000-0000-0000-0000-000000000000', '00000000-0000-0000-0000-000000000012', 'test', 'ON_GOING', now());


insert into group_generation (is_current) values (false);
create table group_2 partition of group_transition for values in (2);
create table account_group_authority_2 partition of account_group_authority for values in (2);

insert into group_transition (group_transition_id, group_generation_id, group_name, parent_group_transition_id)
 values ('10000000-0000-0000-0000-000000000001', 2, 'A2部',    '00000000-0000-0000-0000-000000000000'),
        ('10000000-0000-0000-0000-000000000003', 2, 'A1課',    '10000000-0000-0000-0000-000000000001'),
        ('10000000-0000-0000-0000-000000000004', 2, 'A2課',    '10000000-0000-0000-0000-000000000001'),
        ('10000000-0000-0000-0000-000000000010', 2, 'C部',     '00000000-0000-0000-0000-000000000000'),
        ('10000000-0000-0000-0000-000000000005', 2, 'B->C1課', '10000000-0000-0000-0000-000000000010');

insert into account_group_authority (account_id, group_transition_id, group_generation_id, role)
 values ('00000000-0000-0000-0000-000000000010', '10000000-0000-0000-0000-000000000001', 2, '["GROUP"]'),
        ('00000000-0000-0000-0000-000000000010', '10000000-0000-0000-0000-000000000004', 2, '["GROUP"]'),
        ('00000000-0000-0000-0000-000000000011', '10000000-0000-0000-0000-000000000001', 2, '["LESSON"]'),
        ('00000000-0000-0000-0000-000000000011', '10000000-0000-0000-0000-000000000005', 2, '["LESSON"]'),
        ('00000000-0000-0000-0000-000000000012', '10000000-0000-0000-0000-000000000001', 2, null),
        ('00000000-0000-0000-0000-000000000013', '10000000-0000-0000-0000-000000000005', 2, '["STUDY"]');

refresh materialized view group_transition_with_path;